track_id,track_length,first_frame_id,last_frame_id,first_frame_index,last_frame_index,frame_span,start_x,start_y,end_x,end_y,net_displacement,path_length,mean_step_distance,max_step_distance,straightness_ratio,mean_score,min_score,max_score,mean_points,min_points,max_points,passes_curation,rejection_reasons,quality_score
226,3,261,264,11,14,4,8.848193212310184,-4.432761644844376,5.646234661068424,-2.513573259530145,3.733071472955652,4.464988350440013,2.2324941752200065,2.382310872622823,0.8360764194575708,0.9386772148766465,0.9220276703336584,0.9571428571428572,164.33333333333334,125.0,223.0,False,short_track,0.7792485588457477
257,3,263,269,13,19,7,4.942927150194321,8.654823643179835,2.4555912434990064,9.563417719153076,2.64809046439684,3.787253546284417,1.8936267731422085,2.8704887465487134,0.6992112970611164,0.8960927793623616,0.798131671080801,1.0,421.3333333333333,105.0,1009.0,False,short_track,0.735127202063812
56,3,253,258,3,8,6,50.40641940080846,9.044308146531142,45.73626063948911,6.269889831725096,5.432106390845001,5.529881555786599,2.7649407778932993,4.298864071888612,0.9823187596415545,0.7507031170872995,0.6134707329142225,1.0,128.66666666666666,50.0,283.0,False,short_track,0.7091021429999409
128,3,255,259,5,9,5,8.593793898289844,19.41721004327179,3.080676684418102,19.789299224975025,5.5256593971244286,5.528238614198346,2.764119307099173,3.750406434468868,0.9995334468618461,0.8102851924893223,0.6708555774679672,1.0,107.33333333333333,56.0,198.0,False,short_track,0.7058518753178072
21,3,251,255,1,5,5,1.7362991117694224,-6.090913540777044,0.7805076866164337,-4.619601092763593,1.7545077851281585,3.269850212579123,1.6349251062895616,2.214024048083978,0.5365713017613352,0.8507524365997114,0.5522573097991343,1.0,294.3333333333333,27.0,535.0,False,short_track,0.6994699260440024
78,3,254,258,4,8,5,22.580636754380905,-8.249461755079974,25.533520821931408,-11.387711962063385,4.309076313785244,4.59576306253735,2.297881531268675,2.6490060215336104,0.9376193365821988,0.7633478875755868,0.6458217134504378,0.8812317036712258,96.66666666666667,59.0,144.0,False,short_track,0.6812800099729124
169,3,257,261,7,11,5,41.08736364597913,-6.396465101444455,39.04870087137113,-1.0862970488695924,5.688060359662078,5.871404562249733,2.9357022811248665,3.3552595118548707,0.9687733657860218,0.7493715645385155,0.6013508662721387,1.0,95.33333333333333,50.0,173.0,False,short_track,0.6734107886476157
94,3,255,259,5,9,5,22.742832860618797,13.15406934387766,24.796937678278077,19.942074840704848,7.0919930362971435,7.092923759072338,3.546461879536169,3.949710956974771,0.9998687815057924,0.759327962121842,0.6358319686477127,0.9437603755620676,92.33333333333333,48.0,168.0,False,short_track,0.6706883281234026
305,3,266,269,16,19,4,29.308400494246047,12.038908235214343,24.52977118856963,10.20757325776051,5.117527317046322,5.126756276556844,2.563378138278422,2.7192149348070047,0.9981998443045315,0.7190986871259595,0.5419392532170989,0.8771355064218387,88.33333333333333,29.0,158.0,False,short_track,0.6703450888779435
301,3,265,269,15,19,5,18.38342962970551,-24.803568639000765,15.318475101624808,-26.08254231252739,3.321102214141654,3.8902594974500126,1.9451297487250063,2.4363859083567863,0.8536968334165291,0.8014120146624023,0.6728236570199028,0.9013931245088376,89.66666666666667,54.0,130.0,False,short_track,0.6673359591928593
287,3,265,269,15,19,5,35.670816316749125,32.61869951821444,31.633986982641265,32.07926007235572,4.072712362598429,4.077470015652976,2.038735007826488,2.763926181116557,0.9988331850298634,0.7414212786551339,0.6842010113357612,0.8206696172066761,81.33333333333333,48.0,117.0,False,short_track,0.6661601809931007
155,3,256,260,6,10,5,12.00904238701449,27.57130185466172,12.3299619942602,23.306047975133676,4.2773099082418335,5.757276168913138,2.878638084456569,3.5178413093017147,0.7429398525881913,0.7460855756508676,0.5461449081046156,1.0,119.0,25.0,274.0,False,short_track,0.6569458718736075
283,3,264,269,14,19,6,14.50948678412896,6.144153384082149,19.453547812709147,9.185189994934976,5.8044502860195655,6.217581277940606,3.108790638970303,4.634587185325798,0.9335543882012785,0.7834786500288379,0.5518248018361834,1.0,92.66666666666667,30.0,150.0,False,short_track,0.6553466130293054
1,3,250,254,0,4,5,45.9383030397982,6.246304295751378,45.993582637650725,10.51592848361408,4.269982030351061,4.555477741220124,2.277738870610062,3.4389351983479965,0.9373291393160014,0.7730372655948617,0.6298685983604362,0.9942857142857144,80.66666666666667,46.0,138.0,False,short_track,0.6524368669809785
162,3,257,261,7,11,5,54.39853560810343,-14.673304626284866,51.11813002651935,-10.458536425415495,5.340911136383716,5.535786976123406,2.767893488061703,3.570468882177872,0.9647970847541252,0.7557384112559339,0.5695136614234894,1.0,80.66666666666667,28.0,160.0,False,short_track,0.6519615714359979
206,3,259,261,9,11,3,20.219672582068007,28.47462324974427,21.486715937580023,34.8521310645352,6.50215385795096,8.00885254668254,4.00442627334127,4.449802513631685,0.8118708416781014,0.8196317195384766,0.5417523014725725,1.0,96.0,27.0,150.0,False,short_track,0.6468024239427005
36,6,251,259,1,9,9,8.737503258931033,9.503597593690492,0.7583835109701187,21.304818558753396,14.24553151758614,16.898876273369456,3.3797752546738913,8.945805776345532,0.8429869115046035,0.6732378623361721,0.585405079421455,0.8581329437025996,66.33333333333333,41.0,129.0,False,large_frame_jump,0.6396370066151225
80,3,254,256,4,6,3,26.866755940422856,-8.198248318473784,22.159966324180367,-7.171686709900623,4.817436790219922,4.926546844845088,2.463273422422544,3.011605985571626,0.9778526302374788,0.7057165561551223,0.6353858871042888,0.8175290400397479,71.0,44.0,102.0,False,short_track,0.6361641140761548
251,3,262,267,12,17,6,29.257263159387776,-2.049865483110201,33.71664606370928,-2.045850453148825,4.459384711798306,4.8446375521159135,2.4223187760579568,2.498741762754357,0.9204785009872726,0.6967440358954944,0.5658290358833529,0.9569803506593274,72.0,35.0,146.0,False,short_track,0.6301902942797558
298,3,265,267,15,17,3,1.5804285988338966,27.05265645334614,1.3112129735727018,22.838048029661397,4.223197984688757,4.310196388346402,2.155098194173201,2.7073320873258306,0.9798156752455957,0.6777935653756165,0.5287497773499885,0.9206148200481524,66.0,23.0,130.0,False,short_track,0.6267127324443075
93,3,255,257,5,7,3,30.785327150494727,14.248086764530534,35.24907098934863,13.903430462758154,4.477029933477953,4.9273160718307025,2.4636580359153513,4.24616906680196,0.9086143182640504,0.7464321226838683,0.5255485174204537,0.904951226535266,75.66666666666667,22.0,130.0,False,short_track,0.6232855270204987
55,3,252,255,2,5,4,10.328551693495577,3.423850208038391,9.771801781073458,3.473918258390203,0.5589966678327053,6.061847745532747,3.0309238727663734,3.203310351938366,0.09221555725226777,0.9496371004365297,0.9092881794277012,0.9998592328651202,245.0,161.0,327.0,False,short_track;jittery_track;low_displacement,0.6229538643032134
81,4,254,259,4,9,6,36.96425357553196,-9.100549468774757,27.05275861762539,-23.324261718610337,17.336427615478634,17.46345320530138,5.821151068433793,9.92352961752056,0.992726204357785,0.7324194136946482,0.5788913542991804,0.8064470566607815,66.0,31.0,82.0,False,large_frame_jump,0.6125072371523619
137,3,256,259,6,9,4,17.595110578209887,24.523614437301724,15.229969085652602,22.38302865219466,3.1899846054829992,3.480618972583316,1.740309486291658,3.120074612012585,0.9164992291918101,0.6937664666986777,0.537133597301105,0.9028571428571428,63.0,27.0,106.0,False,short_track,0.6088833870057313
265,3,263,266,13,16,4,0.8615401316127685,-1.4147919047572897,0.4951738805429592,-2.816162304512016,1.4484692703787914,1.5751675221488852,0.7875837610744426,1.1138866471672488,0.91956522084886,0.6216884678760315,0.5170018209403892,0.7137277215447455,54.0,22.0,85.0,False,short_track,0.6045544351920464
103,3,255,259,5,9,5,17.313585939107593,-19.27595308573704,16.29918651944549,-17.920284530729482,1.6931755412972065,1.930114361965345,0.9650571809826725,1.0657869100533113,0.8772410457446289,0.6513200181792288,0.5461200682647417,0.7745314143108706,51.666666666666664,27.0,75.0,False,short_track,0.6009876233498126
43,4,252,256,2,6,5,31.477614958218588,12.151915602214412,29.1132543280469,15.294107539886282,3.9323747739344435,8.083595738629501,2.6945319128765006,3.388151493076196,0.48646356164777,0.7462636616546577,0.659689276357928,0.8083375419396531,82.75,55.0,107.0,False,jittery_track,0.5946972102702422
14,3,250,255,0,5,6,33.825129896081854,11.785806483217048,29.38402196998032,8.494259944166066,5.5279036017300776,7.47962476734003,3.739812383670015,4.067817644802521,0.7390616205598719,0.7351844207315898,0.5157405531097309,0.9228571428571428,77.33333333333333,22.0,113.0,False,short_track,0.5910146769888086
180,3,258,260,8,10,3,28.64913577454748,29.078893331617067,28.368208489483557,29.924388692677717,0.8909447486059199,2.1057217661022714,1.0528608830511357,1.1508782260606103,0.42310658651502403,0.7898495144334974,0.5398526404210131,0.94,84.33333333333333,24.0,119.0,False,short_track;jittery_track;low_displacement,0.5872850196729232
32,5,251,259,1,9,9,22.26954862439012,19.983231696155126,7.509749296467109,16.125635053403713,15.25558022687841,15.600813490170637,3.9002033725426593,6.255193723287217,0.9778708165757034,0.5406681511077608,0.3943682626546655,0.5957725718979752,36.0,20.0,63.0,False,low_score;low_point_support,0.5791227081224193
45,4,252,257,2,7,6,50.226625676168496,-7.058803963367391,41.50167216731817,-12.041156711666082,10.047320669714844,10.209795464282077,3.4032651547606925,5.482194288537922,0.984086381050861,0.6157865342118468,0.5404470145436032,0.7074832956374028,38.0,23.0,52.0,False,low_point_support,0.5757602906802195
10,5,250,255,0,5,6,35.12034345718433,4.22631061270579,33.29876602312367,14.735514693200312,10.665904310172754,12.91048886960644,3.22762221740161,4.457329830175762,0.8261425588059774,0.5591556638211757,0.5315978763340947,0.6195766690626039,33.2,22.0,52.0,False,low_score;low_point_support,0.5721389000773875
65,5,253,259,3,9,7,25.605112711356444,-4.723863404963908,11.191236935214777,-22.88568930320846,23.1864558492278,23.736342746614024,5.934085686653506,9.150561952076892,0.9768335457885708,0.5460960512045079,0.41371377984749,0.7767259670541029,43.6,22.0,94.0,False,low_score;large_frame_jump,0.568595483863603
279,4,264,269,14,19,6,21.93506418765924,6.126684935052714,28.222285338106005,13.504670764064324,9.693493936023339,11.50767683824715,3.8358922794157166,4.294910172849614,0.842350204326719,0.5911312049631143,0.5160074288070363,0.6665533024993493,43.0,21.0,62.0,False,low_score,0.5627569411359784
181,3,258,261,8,11,4,6.817522200340306,-8.662238749435362,9.264022355789988,-19.095681164173847,10.716439876763147,10.81280040028463,5.406400200142315,6.327341907675458,0.9910882916585655,0.6341800118467807,0.5349602284960414,0.8197558202545749,55.333333333333336,23.0,115.0,False,short_track,0.5585915223681
184,3,258,262,8,12,5,25.338756916840783,-4.171031632026202,19.23483931509056,-6.0779498961921306,6.394853192620279,6.484836252082262,3.242418126041131,4.142197358494943,0.9861240814780651,0.5816850977521122,0.5334047919279663,0.6584295706328473,39.333333333333336,25.0,62.0,False,short_track;low_score;low_point_support,0.5504559253397558
114,5,255,262,5,12,8,42.42265112886001,-9.52902393231221,45.4643934432962,-8.703736685192606,3.1517130814352208,11.539091176125,2.88477279403125,3.849858067090897,0.27313356254228105,0.6998256777447218,0.589684856127087,0.7639389008478922,59.8,30.0,82.0,False,jittery_track,0.5397646680107624
230,3,261,266,11,16,6,60.69602036322824,22.952281918042207,64.76291498360132,17.08079677116787,7.142406435031924,7.239277976066136,3.619638988033068,4.238726658727673,0.9866186184099464,0.5424019367577492,0.4466002656916602,0.6112950650704815,35.666666666666664,29.0,41.0,False,short_track;low_score;low_point_support,0.5346385373357434
53,3,252,256,2,6,5,37.78592979960688,-4.35374385857959,36.60820127014109,-9.394407985448662,5.176421479074363,5.356797959008853,2.6783989795044265,3.9991093461606733,0.9663275558804416,0.5605869097505073,0.5220414794793757,0.5998284802081766,31.333333333333332,23.0,36.0,False,short_track;low_score;low_point_support,0.5323440067073416
129,3,255,259,5,9,5,29.61885809910507,-6.360176591940418,27.522455476142333,-0.5842159241519106,6.144642023210537,6.282459776964547,3.1412298884822736,4.69861438213383,0.978063090151514,0.5503275980976957,0.5155581815774757,0.597664850406286,32.666666666666664,22.0,46.0,False,short_track;low_score;low_point_support,0.5251602504764665
218,3,260,265,10,15,6,55.4287709905623,-4.849959701118866,51.31276004357221,-5.178929572492398,4.129136385736581,4.7464998279582975,2.3732499139791488,3.094881631313075,0.8699329053831917,0.5482938613001133,0.5378826674526662,0.5612525330138828,28.0,23.0,32.0,False,short_track;low_score;low_point_support,0.5168502164864437
16,4,251,257,1,7,7,7.509007201043625,8.811206723365702,2.893996621654783,19.49130959039909,11.634557142336176,11.95786929470092,3.9859564315669735,7.2525401716393905,0.9729623945205674,0.4938485402952768,0.4125459597206771,0.5608538132084087,34.5,27.0,43.0,False,low_score;low_point_support,0.5162550046895831
92,3,254,258,4,8,5,20.640786677472,6.214576574936037,18.17280992566914,6.481695658420872,2.482390350489057,5.918319585380287,2.9591597926901434,3.9073059036739157,0.419441754484022,0.6810536005518464,0.5802968622468219,0.7484356431708403,69.0,38.0,85.0,False,short_track;jittery_track,0.5044532843816992
8,5,250,257,0,7,8,42.04494435544753,17.76420633506475,32.247804435978495,14.001306263746748,10.494921035833414,16.82119428987852,4.20529857246963,4.902177064786444,0.623910577036038,0.498861714964595,0.4083926173999541,0.561924771648902,28.2,24.0,32.0,False,low_score;low_point_support,0.5043917594099544
201,4,259,265,9,15,7,33.05645637284975,-9.789694100427717,29.48485085245752,-7.93294176982148,4.025406216831782,7.686170189089727,2.5620567296965757,3.4004712750997546,0.5237206720384253,0.5664995711026791,0.5179169900761901,0.6218772035549822,35.5,21.0,50.0,False,low_score;low_point_support,0.49405361243508406
250,5,262,268,12,18,7,21.294833452505976,-2.7364202398729507,22.61182680693708,-0.011369305847232,3.026610990637901,10.949784643566595,2.7374461608916487,4.519776719735776,0.27640826638687793,0.5971482780830065,0.4065059537409554,0.7573381299988318,49.4,24.0,88.0,False,low_score;jittery_track,0.4925096090395253
170,3,257,260,7,10,4,23.159726183401173,14.091246395785213,19.4293294970782,9.204986565987316,6.147470582412411,6.560066582022685,3.2800332910113426,4.200299825714859,0.9371049067183314,0.47464939153157903,0.3980079173333716,0.5162862188713481,21.0,20.0,22.0,False,short_track;low_score;low_point_support,0.4887224385479825
274,3,264,269,14,19,6,27.21159536291585,-3.7521366814834254,27.831974454973366,-0.816430358644541,3.0005402566568424,3.9787552824969863,1.9893776412484931,3.261979460899682,0.7541404393119057,0.5244119241782995,0.5123764231038278,0.5395555408647358,24.333333333333332,20.0,30.0,False,short_track;low_score;low_point_support,0.48074362723301156
112,3,255,259,5,9,5,24.521403321198733,-15.205843728226077,23.52621888875809,-17.358058327586704,2.3711642153746393,3.339702461753657,1.6698512308768285,2.8195421423101754,0.7099926542945851,0.5281456550683884,0.5170150494608116,0.5442460306077871,24.333333333333332,22.0,27.0,False,short_track;low_score;low_point_support,0.4783779694344385
111,3,255,259,5,9,5,4.906641357202455,28.84717271157373,2.4346256543705183,26.102737165867243,3.6936145033807923,5.788424360952305,2.8942121804761527,4.380570741165618,0.6381036138775981,0.5668783762135629,0.520951079797333,0.594429366768399,35.0,23.0,42.0,False,short_track;low_score;low_point_support,0.46839270637386393
82,3,254,256,4,6,3,29.24404803286397,-6.24128916738764,26.2618864751502,-8.498712881572143,3.74022049907066,5.428756731624556,2.714378365812278,3.4290409197408014,0.6889644690251939,0.42391448481698707,0.3944334917309351,0.4503040431449253,30.666666666666668,21.0,39.0,False,short_track;low_score;low_point_support,0.4489402495442716
167,3,257,261,7,11,5,64.5933514981875,-12.423212250822775,63.41927808435082,-11.939292603078416,1.2698923602223702,4.940121495105173,2.4700607475525866,2.8419352119918035,0.25705690871785625,0.6022208978288576,0.5266193580675634,0.6640935919159296,38.333333333333336,22.0,48.0,False,short_track;low_point_support;jittery_track,0.42469638430485634
29,3,251,254,1,4,4,25.08169922086427,-2.9190532361609027,23.91191293937185,-2.6696769852944766,1.1960720960143079,7.7393331718366225,3.8696665859183113,4.258837692632608,0.1545445931138881,0.6059392643602123,0.5381989199625132,0.6951941844656452,45.666666666666664,26.0,76.0,False,short_track;jittery_track,0.3971900095866691
