frame_id,frame_index,track_id,detection_id,center_x,center_y,center_z,velocity_x,velocity_y,speed_m_per_frame,length,width,height,yaw_rad,yaw_deg,score,num_points,age,hits,missed,tracklet_length,stable,final_tracklet_length
000250,0,1,1,45.9383030397982,6.246304295751378,0.02499997615814209,0.0,0.0,0.0,3.877491621321334,2.9592115953791867,3.5980000495910645,0.5596522168167269,32.06571001873893,0.9942857142857143,138,1,1,0,1,True,3
000253,3,1,1,45.31602472302786,9.628470021276112,0.6800000220537186,-0.09334174751555117,0.5073248588287099,0.5158402797521994,2.1755770788719446,1.7313839350126963,2.2440000474452972,1.279137799263378,73.28919731344385,0.6949574841384346,58,6,2,0,2,True,3
000254,4,1,0,45.993582637650725,10.515928483614081,0.6790000200271606,0.25356310044673674,0.6783849804078766,0.7242240175188593,2.3017684247453416,0.9751381407546953,2.302000045776367,-0.021821067692539553,-1.2502550832517902,0.6298685983604362,46,7,3,0,3,True,3
000250,0,5,5,21.902833481218305,10.926761519213157,-0.171999990940094,0.0,0.0,0.0,3.80633554351364,1.0135866134611595,2.4380000829696655,0.3994329751288494,22.885823673237052,0.7353234326727036,69,1,1,0,1,True,4
000252,2,5,28,20.491419754101866,9.065776156822247,-0.5769999846816063,-0.31756808860119884,-0.4187217065379546,0.5255257923488398,1.931861105451311,0.8194035567614388,1.2119999676942825,-1.1911732133846369,-68.24919779597592,0.6908436828730522,78,4,2,0,2,True,4
000253,3,5,49,20.523317591052255,6.08649018279589,-0.9305000007152557,-0.16030842210298438,-1.5709756269077357,1.5791336898867372,4.45607130814726,1.9243499780435447,1.1550000309944153,-0.21130889672625172,-12.107107955980002,0.942851615331166,164,5,3,0,3,True,4
000254,4,5,42,22.334163349545957,3.4637690727182244,-0.6380000114440918,0.7267109591655244,-2.044261094334204,2.1695880346231067,4.482019539927317,2.0206983467712885,1.6180000305175781,-0.05733391859227011,-3.2849915582837195,0.9873804813079167,155,6,4,0,4,True,4
000250,0,8,19,42.04494435544753,17.76420633506475,-0.1809999942779541,0.0,0.0,0.0,1.6803632363482834,0.9321671778929556,2.1740000247955322,-1.2779435505567134,-73.22077190286302,0.561924771648902,28,1,1,0,1,True,5
000252,2,8,18,42.66148095805695,13.578655079886351,0.07549998164176941,0.13872073558711992,-0.9417490324151394,0.9519110686070852,1.3337238874729986,0.7035520887131239,1.6309999823570251,0.8314810684251619,47.64035596579019,0.555776440966253,32,4,2,0,2,True,5
000253,3,8,35,40.248377835771976,15.505565262013357,-0.42250001430511475,-1.0096000004553216,0.349147614128826,1.0682678584377783,1.1109716745816953,0.24153249302674137,2.5789999961853027,-1.366614247204325,-78.30122858725599,0.40839261739995414,24,5,3,0,3,True,5
000256,6,8,56,35.62237615642579,17.127739246888122,-0.5830000191926956,-1.2491802521523552,0.435357285502069,1.3228708434337615,2.164392682596241,0.7613212868137,0.9580000340938568,-0.02720133609118452,-1.558521755141757,0.5505135740248625,30,10,4,0,4,True,5
000257,7,8,3,32.247804435978495,14.001306263746747,0.343999981880188,-2.2056064128850768,-1.167448335387481,2.4955230442451892,1.4636483356122196,0.24627534994547107,2.138000011444092,-0.23859230170657916,-13.670331912098975,0.4177011707830035,27,11,5,0,5,True,5
000250,0,10,26,35.12034345718433,4.22631061270579,-0.939999982714653,0.0,0.0,0.0,1.1586527838160248,0.8423147107402778,1.735999971628189,0.7185139410014897,41.16781634069719,0.5315978763340947,23,1,1,0,1,True,5
000252,2,10,31,37.62885493271414,6.18255945370155,-1.0405000150203705,0.5644150819942068,0.44015598922404586,0.7157525268082018,1.9419613412863599,0.5478047727473568,0.925000011920929,-0.22817681601828232,-13.073568540580656,0.5449395625307135,30,4,2,0,2,True,5
000253,3,10,2,35.57886151217574,8.77125280177098,0.24700000882148743,-0.612068744145466,1.4069978007044692,1.534363372460064,0.5611588903511433,0.4670187262638411,2.4160000681877136,-1.1105546059237437,-63.630091838244844,0.5673644958322108,39,5,3,0,3,True,5
000254,4,10,2,35.20152781346976,10.704722366104603,0.3530000150203705,-0.5064379736976983,1.643910094337588,1.7201511036731767,1.6539259289046746,0.6047728612531387,2.240000069141388,-0.16602919809524394,-9.512772326798965,0.6195766690626039,52,6,4,0,4,True,5
000255,5,10,37,33.29876602312367,14.735514693200313,1.006500005722046,-1.1347836911894749,2.7180070990787426,2.9453856481676643,1.5807681130079916,1.5237408172692026,0.8610000610351562,-0.3238279835601691,-18.553976746229498,0.532299715346255,22,7,5,0,5,True,5
000250,0,14,39,33.825129896081854,11.785806483217048,-1.612500011920929,0.0,0.0,0.0,1.3949995639423576,0.4803396227853097,0.45899999141693115,-1.3867342248089392,-79.45401838789812,0.5157405531097309,22,1,1,0,1,True,3
000252,2,14,30,32.73750164010208,7.86608644625508,-0.8819999843835831,-0.2447163575954489,-0.8819370083164426,0.9152589700805672,3.902818298005234,0.8846408990296775,1.229999989271164,-1.1865186097880496,-67.98250865458505,0.7669555662278958,97,4,2,0,2,True,3
000255,5,14,1,29.384021969980317,8.494259944166066,-0.3709999918937683,-0.6376159471957615,-0.39083932988739567,0.7478699605581017,4.309137344713745,2.2344332359750014,3.163999915122986,-0.8753275511088092,-50.152574370056634,0.9228571428571428,113,9,3,0,3,True,3
000250,0,15,43,0.3183247929833753,-11.953028988363565,-1.2475000023841858,0.0,0.0,0.0,1.5594678203371777,0.9826707157672394,1.347000002861023,-1.2444367304790966,-71.30097252751138,0.5407804577654096,25,1,1,0,1,True,4
000251,1,15,13,3.0465642670789093,-10.607057421333854,-0.3089999854564667,1.22770776334299,0.6056872051633698,1.3689862463411608,2.398772255092007,0.8988179268021949,1.8039999604225159,0.04003865304722867,2.294045836994816,0.6321786412958705,51,2,2,0,2,True,4
000254,4,15,63,3.7484074326802292,-7.840239534193329,-0.8374999910593033,0.7805157446788425,0.7481506459109322,1.0811726118749554,2.0063146897245456,1.5640545076557455,0.8289999663829803,0.19807603453435024,11.34892080150581,0.8743880303349524,146,7,3,0,3,True,4
000255,5,15,22,7.559526349078339,-6.563909802296843,-0.4724999666213989,2.1442871719525125,0.9858312346044313,2.360048876384089,0.9027198937405398,0.8527301448561371,2.0329999923706055,0.5191709263596809,29.746302926306974,0.6275286011290622,57,8,4,0,4,True,4
000251,1,16,5,7.509007201043625,8.811206723365702,-0.4584999978542328,0.0,0.0,0.0,0.8137925097623067,0.24407744153551628,2.1350000500679016,0.6027522461527992,34.53515979658591,0.4601661477268326,43,1,1,0,1,True,4
000253,3,16,11,6.040378704678122,9.816396047697898,-0.5764999985694885,-0.3304414116822382,0.22616759797474414,0.4004289062095991,0.5187936482489702,0.28530781424371765,2.347000002861023,1.2427585662447984,71.20482079955629,0.541828240525189,31,4,2,0,2,True,4
000254,4,16,6,5.0061924190412075,12.553156532506359,0.2640000060200691,-0.6471266049618423,1.3559343970499163,1.5024416567549503,0.48007800347861507,0.559457398465492,0.8220000118017197,-0.3057364294501828,-17.51740705089472,0.4125459597206771,27,5,3,0,3,True,4
000257,7,16,30,2.893996621654783,19.49130959039909,-0.0729999840259552,-0.6727490023369769,1.7864868770613638,1.9089595548512446,0.7081491693629318,0.40787864916856237,1.8979999423027039,0.336119797456735,19.258245805062977,0.5608538132084087,37,10,4,0,4,True,4
000251,1,21,11,1.7362991117694224,-6.090913540777044,-0.4740000218153,0.0,0.0,0.0,3.9794326122489805,2.754668917282271,1.8860000669956207,0.36304362345878227,20.80086740332487,1.0,535,1,1,0,1,True,3
000254,4,21,9,1.5395122742493705,-3.8856522351551868,-0.49400003254413605,-0.029518025628007778,0.33078919584327854,0.3321036072125965,4.588598984101056,3.0572076905439123,1.6980000436306,-1.152218484337177,-66.0172562294808,1.0,321,6,2,0,2,True,3
000255,5,21,108,0.7805076866164337,-4.619601092763593,-1.5190000236034393,-0.35778697853022584,-0.1483429282099794,0.3873204698382199,1.4186254150124362,1.5503773632227644,1.2179999947547913,-0.8801791303403685,-50.430549383998304,0.5522573097991343,27,7,3,0,3,True,3
000251,1,22,12,3.522104986331632,-16.81549694731194,-0.12300002574920654,0.0,0.0,0.0,1.472656578129272,0.3443310230923451,1.8020000457763672,-0.7110281265014086,-40.73891076362471,0.6957093628530236,83,1,1,0,1,True,4
000254,4,22,40,0.4737775300905104,-13.747254968205038,-0.39400002360343933,-0.4572491184361683,0.4602362968660351,0.6487635973631799,1.2801854860280288,1.0059472884078355,1.2900000214576721,0.8249411116775545,47.26564404595418,0.6198600351320661,54,6,2,0,2,True,4
000257,7,22,13,1.0676665012512965,-15.131329225245656,-0.36899998784065247,-0.16240366946577467,0.045518824720226614,0.16866213344986272,0.7629437323476775,0.6126092068169796,2.199999988079071,-1.0968202181256839,-62.843169383220044,0.5853541292281408,44,11,3,0,3,True,4
000258,8,22,50,0.8961487922217806,-10.907400146756684,-0.47850000858306885,-0.16650498726945823,1.9258034389161618,1.9329880486249567,1.655753513402555,0.7067435271943459,0.781000018119812,-0.19337647795039423,-11.079656043662213,0.5328537219291388,26,12,4,0,4,True,4
000251,1,25,17,11.646478581917219,-8.617098597112875,-0.1614999771118164,0.0,0.0,0.0,0.9028969373457272,0.4564389909174544,1.7369999885559082,0.4860087197550083,27.846248448518374,0.5567110737037735,35,1,1,0,1,True,5
000252,2,25,8,15.727069976437178,-9.778919450263125,0.10899999737739563,1.8362661275339818,-0.5228193839176123,1.9092441958347386,1.4843036771861862,0.31613847467535616,1.4740000367164612,0.2968347115028615,17.007376182097353,0.6221986721352987,58,2,2,0,2,True,5
000254,4,25,11,22.12282448129718,-11.523667108428931,0.000500023365020752,2.4489911337371906,-0.6801188842419932,2.5416764683621604,1.8532826863602276,0.4778020902087093,2.1169999837875366,1.5054156334466717,86.25396220950766,0.6561458827166399,66,5,3,0,3,True,5
000255,5,25,46,22.980300864263988,-12.495878221090003,-0.17400002479553223,1.7328094958905187,-0.8115603870305783,1.9134416664339615,1.5111423084473157,1.1832753485600125,2.5160000324249268,-1.4182985516226458,-81.26252109749512,0.5807481775223011,31,6,4,0,4,True,5
000257,7,25,22,24.927799986825807,-12.653994539506462,-0.028500020503997803,1.3912325253161946,-0.4819343845105214,1.4723412275933903,0.6067231625735958,0.6128848804944931,2.3630000352859497,1.0039872348834096,57.52423124382903,0.5868091004138953,45,9,5,0,5,True,5
000251,1,29,22,25.08169922086427,-2.9190532361609027,0.5424999874085188,0.0,0.0,0.0,1.7393829650921981,0.7996433077488536,1.066999975591898,-1.016529882892813,-58.242872038686016,0.5381989199625132,26,1,1,0,1,True,3
000253,3,29,39,22.639213019927997,0.5697803297209879,-0.5739999869838357,-0.5495593952106613,0.7849875523234253,0.9582384808423372,1.575341148825828,1.572318765952432,1.2079999726265669,-1.4425336667664548,-82.65109091124896,0.6951941844656452,76,4,2,0,2,True,3
000254,4,29,53,23.911912939371852,-2.6696769852944766,-0.857499971985817,0.2704572963838712,-1.026012637979075,1.0610603575952,2.7098187721832447,1.6150893714739865,0.8389999568462372,-1.0245960547484738,-58.70502964284258,0.5844246886524785,35,5,3,0,3,True,3
000251,1,32,31,22.269548624390122,19.983231696155126,-0.40949997305870056,0.0,0.0,0.0,3.2786907826567315,0.39130426443727767,1.8269999623298645,-1.1944167951932727,-68.43504134411616,0.591974796170726,63,1,1,0,1,True,5
000253,3,32,10,18.60344145519247,20.00919834852107,0.48900001496076584,-0.8248741130694716,0.005842496782337569,0.824894803705781,2.525540118979708,1.1867049366789635,1.3240000158548355,0.013486337094431313,0.7727101966016398,0.5957725718979752,38,4,2,0,2,True,5
000255,5,32,78,16.674036992468984,19.701720560714747,-0.5895000174641609,-0.8877967663009938,-0.06596912902613718,0.8902443620933347,2.817549751811704,1.1642499583639063,1.5110000222921371,-0.4763316842628191,-27.291795156617628,0.5821822419546455,30,7,3,0,3,True,5
000256,6,32,69,12.99104687940857,19.139407659804515,-0.9584999978542328,-2.145633772342733,-0.2893238263739799,2.1650525539869436,1.0803189166210068,1.1247824755576843,0.5430000424385071,1.281957116919561,73.45073231624986,0.5390428828607915,29,8,4,0,4,True,5
000259,9,32,103,7.509749296467109,16.125635053403713,-1.0460000038146973,-2.0022932122297226,-0.6111939954658093,2.093498556922044,1.739920112085216,0.7647608664342465,0.312000036239624,-0.4820195423300486,-27.617685418339317,0.3943682626546655,20,13,5,0,5,True,5
000251,1,36,40,8.737503258931033,9.503597593690493,-0.902999997138977,0.0,0.0,0.0,0.8173128613187977,0.4823141340240905,1.0759999752044678,-1.2594787625135055,-72.16281747838359,0.585405079421455,46,1,1,0,1,True,6
000252,2,36,6,6.52012270543456,13.346129909007312,0.05449998378753662,-0.9978212490734127,1.7291395418925681,1.99638944107578,1.9989688499448384,0.40668794959858784,1.3289999961853027,-1.1731190693133797,-67.21477153797174,0.6058432161118509,51,2,2,0,2,True,6
000255,5,36,17,0.5025648720841034,19.96552857583345,-0.8175000548362732,-1.4514353619929454,1.9439365480648332,2.42601605784995,3.051627593798071,1.1211365749925246,3.421000123023987,-1.3779119762892615,-78.94854078190505,0.7797272311359865,77,7,3,0,3,True,6
000256,6,36,65,1.1433529035200545,19.721976074526566,-0.7959999740123749,-0.5099348349499422,0.9595664758475607,1.0866468411889543,2.207200998032533,1.6538721617924774,1.1559999585151672,-0.04958290109191199,-2.8408909685811583,0.8581329437025996,129,8,4,0,4,True,6
000258,8,36,14,1.9822851219413673,21.065679584959266,0.5555000081658363,-0.09170441007767283,0.8300948515635159,0.8351449942494713,3.549015417932869,0.5337562205282683,0.7650000303983688,0.728551754299801,41.742940678230724,0.6178714625870826,54,11,5,0,5,True,6
000259,9,36,23,0.7583835109701187,21.304818558753393,0.22699998319149017,-0.6011931504797818,0.5641647065672908,0.8244483127036909,2.110772219782806,0.8831095165572718,1.4479999840259552,-0.7851635238177165,-44.986556142374646,0.5924472410580587,41,12,6,0,6,True,6
000252,2,43,4,31.477614958218588,12.151915602214412,0.02349996566772461,0.0,0.0,0.0,2.781283898093152,0.566812027800071,2.6549999713897705,-1.1715002822247882,-67.12202186986518,0.794953488568042,107,1,1,0,1,True,4
000253,3,43,5,30.076974691360842,15.237005128126281,-0.16949999332427979,-0.6302881200859856,1.3882902866603408,1.524668171884288,1.52795359649718,1.5807797974671312,3.0810000896453857,-0.8907402926160901,-51.03565940914993,0.8083375419396531,101,2,2,0,2,True,4
000255,5,43,53,31.703070741720833,16.271570218923724,0.01699995994567871,0.019213145283705713,0.9963368030926123,0.9965220369607988,2.752750289562387,1.5985263573817488,2.7860000133514404,1.5209046126808983,87.14141534859462,0.7220743397530079,55,5,3,0,3,True,4
000256,6,43,57,29.1132543280469,15.294107539886282,-0.581500006839633,-1.1548501562472315,0.10812703613408775,1.1599010041065563,3.178197158769611,0.4890959403933002,1.0570000149309635,-0.10736412416716647,-6.151511185897163,0.659689276357928,68,6,4,0,4,True,4
000252,2,45,10,50.226625676168496,-7.058803963367391,1.164499968290329,0.0,0.0,0.0,4.780620220305474,1.6919173942716883,1.5869999527931213,0.728758650090444,41.754794933833594,0.7074832956374028,48,1,1,0,1,True,4
000254,4,45,32,48.234124360542516,-8.617471703413663,1.0069999694824219,-0.44831279601584534,-0.3507002415104112,0.5691880378811608,1.5162125456115418,0.9919986871991187,1.753999948501587,1.546441687703618,88.60458196850541,0.5404470145436032,23,4,2,0,2,True,4
000255,5,45,67,46.07231274248183,-9.013996499529062,-0.1809999942779541,-1.219387265936025,-0.37132129108265566,1.274670469391295,2.0305916560879584,1.3823920892679729,2.2179999351501465,1.507672553570745,86.3832742073152,0.5912267328507401,29,5,3,0,3,True,4
000257,7,45,51,41.50167216731817,-12.041156711666082,-0.5380000099539757,-1.699057125676637,-0.88533775782629,1.915885712078212,3.4898077746935456,0.949750546123424,0.8180000334978104,0.7573765830371328,43.39448171006725,0.6239890938156412,52,8,4,0,4,True,4
000252,2,48,14,35.41046261790018,10.439864010334421,-0.08050000667572021,0.0,0.0,0.0,2.673940001070449,2.150886142753637,2.246999979019165,1.3470130529109023,77.17816288082696,0.9025841524092832,116,1,1,0,1,True,4
000254,4,48,1,37.7264420458438,10.279203890810596,0.3675000071525574,0.5210953712873138,-0.03614852689286074,0.5223476830364879,2.0276364086524605,1.372384057775235,2.337000012397766,-0.37447859527636684,-21.456043027323506,0.6766814136317754,58,4,2,0,2,True,4
000255,5,48,2,38.34633602047874,12.34779325209772,0.9560000151395798,0.565554742793746,0.9109835227881323,1.072260763941298,1.8178590970227806,0.8867945290007792,1.248000055551529,-0.9656297405533528,-55.326508706019794,0.5545754763241323,30,5,3,0,3,True,4
000256,6,48,60,41.57223842146993,14.838505190627236,-0.6874999850988388,1.7627111889825982,1.6218613098717551,2.395325623839767,3.837122634703963,0.8637645151442224,0.582999974489212,-0.22246260187233285,-12.746168186783798,0.5738293904866943,37,6,4,0,4,True,4
000252,2,50,19,25.59199861873386,12.487802712811096,-0.29350000619888306,0.0,0.0,0.0,2.8865183044728955,0.5655012548544521,2.5670000314712524,-1.1111297589449414,-63.66304567893367,0.889283035479856,151,1,1,0,1,True,7
000253,3,50,4,25.31771642752272,9.639283334204418,-0.16500002145767212,-0.12342698604501406,-1.281833720373005,1.2877623645570075,1.5414982526866772,1.3911718786064733,2.6239999532699585,-0.08259191608092016,-4.7321682133354,0.6627544289539564,56,2,2,0,2,True,7
000255,5,50,4,23.633268628573145,8.584425267625129,-0.0009999871253967285,-0.44688559708841175,-0.9423516111854928,1.0429445315974193,1.5194197296819993,1.218728398999103,2.143999934196472,1.0414760847443367,59.67218411965976,0.6443632314892076,55,5,3,0,3,True,7
000258,8,50,47,22.902000375620897,5.731320055201462,-0.8089999854564667,-0.3554773163414636,-0.9462591680155711,1.0108266594658304,3.981864385923541,1.6255930348505383,1.3499999642372131,-0.13832525678980223,-7.925453414119002,0.9262082389795108,138,10,4,0,4,True,7
000259,9,50,74,21.136808270375436,2.1114431842212444,-0.2849999964237213,-0.9898489713482623,-2.149387134349662,2.366361350129575,3.161619831415153,1.4637441536606566,1.11599999666214,-0.39402587635810177,-22.576019734262836,0.7212755268323962,78,11,5,0,5,True,7
000260,10,50,49,22.129128568242006,-2.657404153406296,-1.0709999799728394,-0.09787280020158795,-3.3281442258247074,3.3295830178732055,2.7694335382453854,1.242772354411171,0.7300000190734863,0.005166105321235417,0.29599603142686576,0.5964117941312551,43,12,6,0,6,True,7
000262,12,50,32,21.714017188152454,-8.916519503496994,-0.492000013589859,-0.14723010063102263,-3.238780277973996,3.242124980861339,1.646268935427377,0.8694726639625325,0.7160000205039978,0.16341983837517496,9.363267027607574,0.525322463419523,23,15,7,0,7,True,7
000252,2,53,24,37.785929799606876,-4.35374385857959,0.02649998664855957,0.0,0.0,0.0,1.8779301075230777,1.35484153696233,2.0889999866485596,1.1770276710609973,67.43871792190768,0.5998284802081766,35,1,1,0,1,True,3
000254,4,53,44,36.9308543890098,-5.4083359179323285,-0.30400001257658005,-0.1923919673843416,-0.23728321335436608,0.30547993789083955,1.4019443865521493,0.5313502125433229,0.9060000330209732,0.3889724802139242,22.286481462993777,0.5220414794793757,23,4,2,0,2,True,3
000256,6,53,35,36.60820127014109,-9.394407985448662,0.24250000715255737,-0.1784125338068487,-1.0273719825360763,1.0427483985696109,0.6052194634160767,0.4972478223095722,2.4929999113082886,-1.4917020870863265,-85.46823388090289,0.5598907695639697,36,7,3,0,3,True,3
000252,2,55,33,10.328551693495577,3.423850208038391,-0.8914999812841415,0.0,0.0,0.0,3.5807844501614,1.5370876955081914,1.148999959230423,-0.11820627633483387,-6.772720745943122,0.9092881794277013,161,1,1,0,1,True,3
000254,4,55,59,12.124826640753113,5.647503136089955,-0.9749999791383743,0.4041618631329457,0.5003219088116019,0.6431709135587358,7.757156041950352,1.7764448748937287,1.1599999368190765,-0.040899658549969325,-2.3433778184393947,0.9998592328651202,327,4,2,0,2,True,3
000255,5,55,97,9.771801781073458,3.473918258390203,-0.906000018119812,-0.8365721621327245,-0.7029361451185072,1.092690352556244,4.076254971692887,1.9253478367363182,1.2200000286102295,-0.11027029703039501,-6.318022625495609,0.9397638890167677,247,5,3,0,3,True,3
000253,3,56,0,50.40641940080846,9.044308146531142,0.406000018119812,0.0,0.0,0.0,0.9402320449045377,0.4438431243468779,3.078000068664551,-1.463300226683314,-83.84092714949054,0.6134707329142225,53,1,1,0,1,True,3
000255,5,56,0,49.1956582593714,8.821908721962293,0.3985000252723694,-0.2724212568233387,-0.050039870527990964,0.276978933877047,2.1163258177181437,0.7668559636929112,3.0089999437332153,1.154834408107343,66.16713762103925,0.6386386183476762,50,4,2,0,2,True,3
000258,8,56,29,45.73626063948911,6.269889831725096,-0.033499956130981445,-0.6687413342351796,-0.4103247623259746,0.7845899455718992,5.369620606199839,2.208464300530038,3.0490000247955322,-1.1133850518481727,-63.792264443854634,1.0,283,9,3,0,3,True,3
000253,3,65,25,25.605112711356444,-4.723863404963908,0.06650000810623169,0.0,0.0,0.0,0.424803078637073,0.39830873178864734,2.041000008583069,0.6736002899014087,38.594453690139446,0.41371377984749,27,1,1,0,1,True,5
000254,4,65,16,23.065912338578407,-6.46407138906107,-0.06400001049041748,-1.1426401677501166,-0.7830935928437227,1.3852299910516321,0.45249916914646704,0.32611535827262494,2.1619999408721924,0.7001113210664517,40.1134238864362,0.4448957590083259,38,2,2,0,2,True,5
000255,5,65,47,20.14794889198858,-10.981284093232619,-0.2015000283718109,-1.941535643227986,-2.463447192941244,3.136579781598868,0.8903042195302331,0.770651646328818,2.359000027179718,1.1235413129018015,64.37417533786065,0.5280309920862368,22,3,3,0,3,True,5
000257,7,65,19,15.271267650379924,-14.69507678630191,-0.22200003266334534,-2.16509788313734,-2.1904993120582743,3.0799246873411636,0.8838975402410552,0.5960404536261306,2.3080000281333923,-0.5418986417042201,-31.04850509352379,0.5671137580263832,37,6,4,0,4,True,5
000259,9,65,32,11.191236935214777,-22.88568930320846,-0.0029999613761901855,-2.108810746637695,-3.047662437936024,3.706120491935035,1.9792763618254927,1.4402802594679056,2.1759999990463257,0.5612365767685439,32.15648715720759,0.7767259670541029,94,9,5,0,5,True,5
000254,4,78,13,22.580636754380905,-8.249461755079974,-0.03049999475479126,0.0,0.0,0.0,3.114021402785747,0.49095939102257047,2.1790000200271606,0.01620186094434893,0.9282982523690361,0.8812317036712258,144,1,1,0,1,True,3
000255,5,78,27,23.226411283263307,-10.085990609888507,-0.156000018119812,0.29059853799708096,-0.8264379846638397,0.8760406684516819,3.0862078100479327,0.894163533592394,2.490000009536743,-0.030838712720586973,-1.7669280845060382,0.7629902456050968,87,2,2,0,2,True,3
000258,8,78,22,25.533520821931408,-11.387711962063383,0.13700002431869507,0.5058956266986097,-0.6497990943913433,0.8235103206302814,1.9062935784072321,0.7330720166149589,2.0800000429153442,-0.37928160572660724,-21.73123525507951,0.6458217134504378,59,7,3,0,3,True,3
000254,4,80,15,26.866755940422856,-8.198248318473784,0.018500030040740967,0.0,0.0,0.0,4.106295024963574,0.8553935324208086,2.3109999895095825,-0.2952573136656531,-16.916997943412248,0.8175290400397479,102,1,1,0,1,True,3
000255,5,80,50,24.954257938388892,-8.29494313080138,-0.15299999713897705,-0.8606241009152835,-0.04351266554741846,0.8617233866730563,2.552673345657958,0.993407542777485,2.509999990463257,-1.5172850998201113,-86.9340325377782,0.6353858871042888,44,2,2,0,2,True,3
000256,6,80,34,22.159966324180367,-7.171686709900623,-0.06299999356269836,-1.7307744818972424,0.48153342335426064,1.796511827123312,2.0808455374642323,0.5519697603799963,2.1179999709129333,1.2875063713501738,73.76868117456824,0.6642347413213305,67,3,3,0,3,True,3
000254,4,81,17,36.96425357553196,-9.100549468774755,0.25550001859664917,0.0,0.0,0.0,3.7583351754403536,1.345403611065704,2.5770000219345093,0.39019319794708035,22.3564234370804,0.8064470566607815,82,1,1,0,1,True,4
000255,5,81,31,35.40951703582805,-11.92297857196805,0.14850002527236938,-0.6996314428667595,-1.2700930964369828,1.4500415957705166,2.131518265766197,1.9690108477103594,2.708999991416931,0.20847793550351224,11.944905825951833,0.7594473846684566,71,2,2,0,2,True,4
000256,6,81,52,33.54014844470946,-15.814919983061616,-0.33799999952316284,-1.2260131595800847,-2.449924838032445,2.73956930546972,5.482933273422771,1.5505174666869568,1.3339999914169312,-0.19754075841218258,-11.318251738831474,0.7848918591501746,80,3,3,0,3,True,4
000259,9,81,36,27.05275861762539,-23.324261718610337,0.6749999709427357,-1.6474157118316568,-2.473859921250153,2.972198081817162,2.452083024878199,1.1539040677933947,1.5199999436736107,-0.6106246129712701,-34.98621319006312,0.5788913542991804,31,8,4,0,4,True,4
000254,4,82,18,29.24404803286397,-6.24128916738764,0.13599997758865356,0.0,0.0,0.0,0.3508128378880542,0.3144265713186466,2.1699999570846558,1.322184551402196,75.75559453274388,0.4270059195751007,32,1,1,0,1,True,3
000255,5,82,32,25.828617037833727,-6.546498517577918,-0.0964999794960022,-1.5369439477636087,-0.13734420758562516,1.5430684138833604,0.4790631734020425,0.5101259640351984,2.419000029563904,0.40100401790297785,22.975837793629136,0.45030404314492534,39,2,2,0,2,True,3
000256,6,82,61,26.261886475150202,-8.498712881572143,-0.6030000150203705,-0.6503479244775707,-0.9540357779694948,1.154615385536735,0.40383331329557465,0.3434878885784207,0.8460000157356262,1.346430335031118,77.1447756056685,0.3944334917309351,21,3,3,0,3,True,3
000254,4,92,55,20.640786677471997,6.214576574936037,-0.9805000126361847,0.0,0.0,0.0,2.4334455553231646,0.9992695168444377,0.953000009059906,0.39820859996718255,22.815672143932893,0.5802968622468219,38,1,1,0,1,True,3
000256,6,92,2,16.972888298006062,4.867891421384481,-0.20400002598762512,-0.8252771353798354,-0.3030041595490999,0.8791438283266303,1.0077344265803105,1.304584290332242,1.9820000529289246,-1.5474945158650482,-88.66490457870788,0.7144282962378768,84,4,2,0,2,True,3
000258,8,92,51,18.17280992566914,6.481695658420872,-0.9570000022649765,-0.18392005823471724,0.19645366558118288,0.26911081461239167,3.3320329860988838,1.6848542094512338,1.0560000240802765,-0.11138319163186877,-6.381786789202949,0.7484356431708403,85,7,3,0,3,True,3
000255,5,93,5,30.785327150494727,14.248086764530534,0.041499972343444824,0.0,0.0,0.0,2.9162000029220083,2.0029618277578605,2.6389999389648438,-0.32424277558628944,-18.577742578701873,0.8087966240958848,75,1,1,0,1,True,3
000256,6,93,48,35.02108240136652,14.545289050150696,-0.2294999659061432,1.906089862892307,0.13374102852907316,1.9107760800608815,3.2138840490281,1.6996083449562303,1.6309999823570251,-0.46611899411224056,-26.706651113514653,0.9049512265352659,130,2,2,0,2,True,3
000257,7,93,2,35.24907098934863,13.903430462758154,0.36299997568130493,1.1509442891827188,-0.2152787986356539,1.1709046579223794,0.9619019668156825,0.6178070407733347,2.277999997138977,0.8463119647549406,48.49010373188258,0.5255485174204537,22,3,3,0,3,True,3
000255,5,94,6,22.742832860618794,13.154069343877659,0.27800002694129944,0.0,0.0,0.0,2.407450365877882,1.8957272108577476,1.7320000529289246,1.0922570258104822,62.58171772245246,0.6983915421557456,61,1,1,0,1,True,3
000256,6,94,50,23.59844279055632,16.178588870523562,-0.42650002241134644,0.3850244684718864,1.3610337869906564,1.4144457609439063,4.2531574178854274,1.6161199768639687,1.4550000429153442,-0.21658334337530072,-12.40931148823743,0.9437603755620676,168,2,2,0,2,True,3
000259,9,94,8,24.796937678278073,19.942074840704848,0.3149999976158142,0.39153769081780065,1.313091478372054,1.3702229723312342,2.0142387843037457,1.3277013179977066,1.9420000314712524,0.004152147119522712,0.23790050586605319,0.6358319686477127,48,7,3,0,3,True,3
000255,5,97,9,29.571917790762623,26.773757978027405,0.12449997663497925,0.0,0.0,0.0,4.449291404395883,2.8450787566402473,2.912999987602234,0.43667226266623566,25.01947768120341,1.0,152,1,1,0,1,True,4
000256,6,97,8,32.016687176362346,23.619219090200165,0.3774999976158142,1.1001462235198756,-1.4195424995222579,1.7959461631894602,4.445153833751922,2.4829093184052526,2.3869999647140503,-0.9201417198203532,-52.720237099615325,1.0,160,2,2,0,2,True,4
000259,9,97,5,37.05761883363036,19.630090362220937,0.24900001287460327,1.3612201715261332,-1.3791176839341261,1.9377528071220704,3.0001977164828455,2.009007873113234,2.7559999227523804,-0.4756381242306405,-27.252057093934837,0.8257142857142857,79,7,3,0,3,True,4
000260,10,97,3,37.33028524559171,16.455984230816178,0.7445000186562538,0.8713709797219822,-2.1868624852959107,2.3540719857082224,5.7748565210315075,3.531128011533223,1.7370000332593918,-1.2306104254253358,-70.50878360167047,1.0,269,8,4,0,4,True,4
000255,5,98,14,5.240012509382785,22.364303668442084,-0.19750002026557922,0.0,0.0,0.0,2.209185783965911,0.617417809820175,2.3670000433921814,-1.2407742376799002,-71.09112714762037,0.6231249483902201,50,1,1,0,1,True,5
000256,6,98,18,7.466005472152126,24.735005708390418,0.703499972820282,1.0016968332462035,1.0668159179767502,1.4633840058522058,2.573566998918693,1.6987343798051175,0.8309999704360962,-1.3826488295583819,-79.2199424823984,0.6612019628133761,62,2,2,0,2,True,5
000257,7,98,11,7.416429841591927,24.938420523996932,-0.0040000081062316895,0.5286242245333221,0.6782854219101441,0.8599503964411426,1.9729340253152037,2.1915844312700314,2.224000096321106,0.7283558635110681,41.73171696279084,0.8344380218360045,103,3,3,0,3,True,5
000258,8,98,13,6.437937721280262,23.653436703694346,0.6684999912977219,-0.14957813064692188,-0.20518573708558407,0.2539188923085127,3.4643304702202924,1.702521982230953,0.7750000059604645,-0.029766780740147138,-1.7055109061017357,0.638567659986947,51,4,4,0,4,True,5
000259,9,98,18,9.642953483512615,22.188457119018164,-0.06599998474121094,1.3599891211487518,-0.7720929685013533,1.5638727447117258,7.903715726495898,4.394237819516604,2.181999921798706,-1.00105496874235,-57.3562247695372,1.0,448,5,5,0,5,True,5
000255,5,103,21,17.313585939107593,-19.275953085737036,-0.15299999713897705,0.0,0.0,0.0,2.60644963718489,1.788940722601656,2.5220000743865967,-0.6425651859982561,-36.81627321973881,0.7745314143108706,75,1,1,0,1,True,3
000258,8,103,48,16.506885100682222,-18.965637598832906,-0.5099999881349504,-0.12100512576380565,0.046547323035619564,0.12964911778680463,2.5481746038112685,1.2956289573837843,1.0299999760463834,1.291067203241009,73.9727018134687,0.6333085719620739,53,6,2,0,2,True,3
000259,9,103,34,16.29918651944549,-17.920284530729482,0.4570000022649765,-0.1600171807266218,0.4960099083161314,0.5211826237274929,1.9931806120662479,0.8621228721316376,1.1780000030994415,-0.9979707839676141,-57.17951399870633,0.5461200682647417,27,7,3,0,3,True,3
000255,5,111,39,4.906641357202455,28.84717271157373,-0.11500000953674316,0.0,0.0,0.0,0.7651332762948464,0.27737751353930284,2.631999969482422,-1.3599513573495718,-77.9194731192181,0.520951079797333,23,1,1,0,1,True,3
000257,7,111,40,1.12897881294787,26.629366200605677,-0.013000011444091797,-0.8499740724572815,-0.4990064649678119,0.9856284167622645,2.0013669099898426,0.5781570345988186,2.252000093460083,0.04710103430949428,2.69869047663491,0.594429366768399,42,4,2,0,2,True,3
000259,9,111,96,2.4346256543705183,26.102737165867243,-0.8944999873638153,-0.17371520053140904,-0.39294508854844423,0.429631020190596,2.1908819708938205,1.2495819782690196,0.8169999718666077,0.01571032482093641,0.9001353070192771,0.5852546820749565,40,7,3,0,3,True,3
000255,5,112,40,24.521403321198733,-15.205843728226075,0.04899996519088745,0.0,0.0,0.0,0.5826187601489221,0.33505080852966407,2.271999955177307,0.8569088978681366,49.097263275051134,0.5170150494608116,22,1,1,0,1,True,3
000257,7,112,38,24.442799790267827,-14.691656755570468,-0.025499999523162842,-0.01768579445945377,0.1156920688475114,0.11703607187478296,0.6232260571964909,0.3293205266977266,2.39300000667572,-0.10925580820215172,-6.259896697274097,0.5231758851365668,24,4,2,0,2,True,3
000259,9,112,37,23.526218888758095,-17.358058327586704,0.492499977350235,-0.21595788979238933,-0.5363097158375216,0.5781573500919148,1.372054367326781,0.9490650481628646,1.4009999632835388,1.2752324204653958,73.0654355909196,0.5442460306077871,27,7,3,0,3,True,3
000255,5,114,43,42.42265112886001,-9.52902393231221,0.24650001525878906,0.0,0.0,0.0,2.0600964679238594,1.5053774283697448,2.8889999389648438,-1.5191494603292819,-87.04085252644454,0.6654232488443711,46,1,1,0,1,True,5
000258,8,114,26,38.687491676083404,-9.311580189650998,0.24650001525878906,-0.560273917916491,0.03261656139918179,0.5612225077230968,3.8535170474354743,0.6398201060796226,2.743000030517578,-0.04621291752566738,-2.647805133206896,0.7476890718619547,82,6,2,0,2,True,5
000259,9,114,53,40.99771148345673,-10.909609235351926,0.6275000274181366,0.7314482584639279,-0.7011739617958676,1.0132430505611305,2.188260569082091,1.2940447860581992,2.0330000519752502,0.4386266845166942,25.13145780462283,0.589684856127087,30,7,3,0,3,True,5
000261,11,114,17,41.965318395413796,-10.309314757424424,0.6365000009536743,0.6200080973454994,-0.2505794214540392,0.6687302051128148,3.0678925681679132,2.3606004542592984,2.0989999771118164,0.5017871228635461,28.750284354093687,0.7639389008478922,60,10,4,0,4,True,5
000262,12,114,9,45.4643934432962,-8.703736685192606,0.6960000097751617,1.9155882250871077,0.5846914507045966,2.0028335778639774,6.661300768052957,0.7548215672226123,2.3540000319480896,0.06784323129505718,3.8871308217366427,0.7323923110423038,81,11,5,0,5,True,5
000255,5,125,70,15.865969180078421,-21.43273395065731,-0.39799997210502625,0.0,0.0,0.0,2.448730884562282,1.0630439755312355,2.0239999890327454,-0.24029008884635933,-13.767607949719967,0.6308225571216546,46,1,1,0,1,True,5
000256,6,125,39,12.108835653925897,-20.820862615409666,0.37450001388788223,-1.6907100867686355,0.27534210086143884,1.71298390827468,1.5220502915911194,1.4333835881047867,1.0150000303983688,-0.38070004359722087,-21.812505758567195,0.5364743532440976,23,2,2,0,2,True,5
000259,9,125,30,7.064256949630447,-18.909763546908355,0.09000000357627869,-1.6865773533670672,0.43810301574898813,1.7425491158928688,2.6187778169027305,1.3204518060057988,1.6259999871253967,0.006464564874354206,0.37039228368901533,0.6884267139273704,65,7,3,0,3,True,5
000262,12,125,23,1.5892110430755986,-13.948714667520335,-0.3450000286102295,-1.748874430335114,0.9851139905701465,2.0072397334391843,1.719680712881007,1.4039453888144753,1.5520000457763672,-0.27245195798391614,-15.610347312554028,0.5879857589863143,36,12,4,0,4,True,5
000263,13,125,6,2.5344992036797733,-12.561305101655408,-0.06549999117851257,-0.5365012644124341,1.1661469994527973,1.2836403043878386,1.8047232490057703,1.1706526732930365,1.4150000214576721,0.5478567553633519,31.38987986005129,0.6837406264128251,72,13,5,0,5,True,5
000255,5,128,85,8.593793898289844,19.41721004327179,-0.9269999563694,0.0,0.0,0.0,3.3069407773000643,2.130424866890226,2.391999900341034,0.966074917071616,55.3520154416546,0.76,56,1,1,0,1,True,3
000256,6,128,16,6.827053529911194,19.6154919890534,-0.1850000023841858,-0.7950331657703923,0.08922687560172413,0.8000244808782652,4.987683270591641,1.6542892149044832,2.222000002861023,-0.19657860403257688,-11.26312435364004,1.0,198,2,2,0,2,True,3
000259,9,128,21,3.080676684418102,19.789299224975025,-0.19999998807907104,-0.9992247679976796,0.07514586696919208,1.0020464252231869,1.4602902017222357,0.8853975470379432,2.1920000314712524,1.071518252536856,61.39347354159497,0.6708555774679672,68,7,3,0,3,True,3
000255,5,129,91,29.61885809910507,-6.360176591940418,-0.9624999761581421,0.0,0.0,0.0,1.7950461996288634,1.248130807303144,0.7730000019073486,-1.0566452013166416,-60.54131047819478,0.597664850406286,46,1,1,0,1,True,3
000258,8,129,45,29.644119328683654,-4.776532659420659,-0.13099999725818634,0.003789184436787884,0.23754658987796376,0.23757680922460742,1.2724241052860406,0.3890493288250776,0.5819999873638153,1.5249300632665785,87.37205667779256,0.5155581815774757,22,6,2,0,2,True,3
000259,9,129,90,27.522455476142333,-0.5842159241519106,-0.429500013589859,-0.952664682203361,2.0171931553038167,2.2308380090275937,1.3912940134075593,0.31427060738577817,0.49900001287460327,1.5427194907160822,88.3913157906033,0.5377597623093255,30,7,3,0,3,True,3
000256,6,137,12,17.595110578209887,24.523614437301724,0.0885000228881836,0.0,0.0,0.0,3.9195442145658532,1.9370055379196343,2.384999990463257,0.3118127384471548,17.86555391143859,0.9028571428571428,106,1,1,0,1,True,3
000257,7,137,47,15.061979635854817,22.702045549389766,-0.3685000240802765,-1.1399089240597815,-0.8197059995603811,1.4040335754056639,1.319967640807958,0.6111675289343507,1.3210000395774841,0.25420404201269964,14.564818742493953,0.537133597301105,27,2,2,0,2,True,3
000259,9,137,80,15.229969085652602,22.38302865219466,-0.41599999368190765,-0.5891522820283782,-0.5226171016271084,0.7875462185372774,2.6485055540602778,1.087011971759197,1.1599999964237213,-0.2018953932474372,-11.567753936212211,0.6413086599377854,56,5,3,0,3,True,3
000256,6,153,62,8.41570446895552,16.50494663425707,-0.7405000105500221,0.0,0.0,0.0,3.982815389168544,1.5592444734736366,1.1170000284910202,-0.007310469343118838,-0.4188590396204847,0.9150322605516173,156,1,1,0,1,True,4
000257,7,153,9,9.924688105128405,13.572216169963355,-0.2239999771118164,0.6790426362777985,-1.3197287089321719,1.484177471552132,1.5974809394879816,0.9148791295701759,1.9679999351501465,1.3107617685755446,75.10111728648224,0.7455361390556505,94,2,2,0,2,True,4
000258,8,153,11,12.583964407162608,16.117451174093834,-0.359499990940094,1.57014778586818,0.4195049619460208,1.6252225947740453,5.2729868407253715,3.0484445691311706,2.5570000410079956,-1.1281744068899626,-64.63963206946973,1.0,521,3,3,0,3,True,4
000259,9,153,11,16.659937853841033,18.7851975713488,-0.26499998569488525,2.6977693332327903,1.431213607835046,3.0539043479754735,7.134032845239958,3.0287459949968984,2.7720000743865967,-0.1938139355414244,-11.104720517344202,1.0,357,4,4,0,4,True,4
000256,6,155,66,12.00904238701449,27.57130185466172,-0.7650000005960464,0.0,0.0,0.0,2.239937357021154,1.7462927855414685,0.6739999949932098,0.4108363131720191,23.539186815471645,0.5461449081046156,25,1,1,0,1,True,3
000259,9,155,14,14.067636495837839,24.71868940770237,0.14600002765655518,0.30878911632350214,-0.42789186704390225,0.527676196395257,6.899263979397345,2.6812266001704668,2.2100000381469727,0.17802414786939308,10.20003232432911,1.0,274,6,2,0,2,True,3
000260,10,155,11,12.3299619942602,23.306047975133673,0.40050001442432404,-0.612119511732011,-0.8710291715300602,1.064604205467637,3.352406824988565,1.6822226999140386,1.445000022649765,-1.3805169418520087,-79.09779431442738,0.6921118188479872,58,7,3,0,3,True,3
000257,7,162,25,54.39853560810343,-14.673304626284866,0.7475000023841858,0.0,0.0,0.0,6.82989721039027,2.7341913324721743,2.7489999532699585,0.4345084626289163,24.895501071354758,1.0,160,1,1,0,1,True,3
000259,9,162,43,53.817161129477064,-12.79594506402951,1.236999973654747,-0.1308092576909322,0.42240590150745494,0.44219657113774463,3.043875187314165,1.905457821579943,1.7179999649524689,0.9956407661490834,57.046013811514236,0.6977015723443124,54,4,2,0,2,True,3
000261,11,162,34,51.118130026519346,-10.458536425415497,0.702500008046627,-0.6792270898954993,0.7582401895172531,1.0179772220669128,2.117090827152313,1.090871606257573,1.8250000029802322,-0.30306127334473404,-17.364131896513854,0.5695136614234894,28,7,3,0,3,True,3
000257,7,167,43,64.5933514981875,-12.423212250822777,0.25049999356269836,0.0,0.0,0.0,3.797236661512149,1.1102170311160473,1.946999967098236,0.4660197882310966,26.700967035222227,0.6640935919159296,48,1,1,0,1,True,3
000259,9,167,46,63.40611182448299,-9.841147629954254,1.2415000461041927,-0.2671289265835149,0.5809645396954177,0.639435422698156,1.9619729382970965,0.8948253465992921,2.2710000947117805,1.2573256699961233,72.03945436423639,0.6159497435030796,45,4,2,0,2,True,3
000261,11,167,19,63.41927808435082,-11.939292603078417,1.628999948501587,-0.14395850115067138,-0.1525521221204571,0.20975271158438621,1.2864119066718214,0.7438950699489435,1.5339999198913574,0.7568335593181815,43.36336874279584,0.5266193580675634,22,7,3,0,3,True,3
000257,7,169,49,41.08736364597913,-6.396465101444455,-0.27250000834465027,0.0,0.0,0.0,1.7534878291532738,0.4231637070113512,1.2210000157356262,1.5489515821355178,88.74838832647664,0.6013508662721387,50,1,1,0,1,True,3
000259,9,169,47,40.89536048588035,-3.8876564795805537,0.6120000183582306,-0.043200711022225134,0.5644819399193777,0.5661326363388439,1.8324540906036213,0.4963468636284991,1.9660000205039978,1.4666629165093419,84.03359508433353,0.6467638273434076,63,4,2,0,2,True,3
000261,11,169,22,39.04870087137113,-1.0862970488695924,0.10500001907348633,-0.43925880432679854,0.940770938865624,1.0382669486180884,4.549156834110221,1.4103794234812448,2.815999984741211,1.4515979413504692,83.17043558926069,1.0,173,7,3,0,3,True,3
000257,7,170,52,23.159726183401173,14.091246395785213,-0.5925000086426735,0.0,0.0,0.0,1.0436814259387392,0.2208640978475992,0.8410000056028366,-0.5214163013116336,-29.874953434478257,0.3980079173333716,22,1,1,0,1,True,3
000258,8,170,6,21.566874235167962,10.204687339639284,0.7989999949932098,-0.7167833767049447,-1.748951575265668,1.890134921571686,1.0830165261321256,0.5353400907360976,0.46199995279312134,-0.697104853782918,-39.94116599984556,0.5096540383900174,20,2,2,0,2,True,3
000260,10,170,31,19.429329497078196,9.204986565987317,-0.6150000020861626,-0.8751784232579168,-1.18685604046781,1.4746404759571539,0.8166093082835564,0.5210119509267211,1.575999990105629,0.658850406472632,37.74934762136059,0.5162862188713481,21,5,3,0,3,True,3
000258,8,180,37,28.649135774547478,29.078893331617067,-0.25850000977516174,0.0,0.0,0.0,3.923995540786742,2.755435901084919,2.1730000376701355,-1.2944199969392662,-74.16480274195689,0.94,119,1,1,0,1,True,3
000259,9,180,63,27.698593179238046,28.98836731070761,0.2355000078678131,-0.4277441678892445,-0.04073670940925602,0.4296795930187474,1.6695049689827393,1.1552099075014817,1.1769999861717224,-1.359398475763551,-77.88779533776861,0.5398526404210131,24,2,2,0,2,True,3
000260,10,180,36,28.368208489483553,29.924388692677713,-0.9670000299811363,0.066067597271394,0.39880443171145585,0.4042399066914502,3.3892088629158783,2.327219510675448,1.6960000544786453,-0.13866991588670077,-7.945200925742079,0.889695902879479,110,3,3,0,3,True,3
000258,8,181,39,6.817522200340306,-8.662238749435362,-0.4544999897480011,0.0,0.0,0.0,2.5098314500695005,1.1373083022202277,1.5389999747276306,-0.33900071445663027,-19.423310190284468,0.8197558202545749,115,1,1,0,1,True,3
000259,9,181,82,7.137919998861609,-13.136239547336773,-0.37199999392032623,0.144179009334586,-2.0133003590556346,2.018456321674128,1.3646691429438098,1.2551141645803092,1.1099999845027924,0.9674217386035501,55.429182631191765,0.547823986789726,28,2,2,0,2,True,3
000261,11,181,11,9.264022355789987,-19.095681164173847,0.4935000091791153,0.5576714854429073,-2.448189561268941,2.510902151335712,1.6454011866279128,1.3878304337105785,0.8990000188350677,1.4379030820247007,82.38577794886878,0.5349602284960414,23,5,3,0,3,True,3
000258,8,184,49,25.338756916840783,-4.171031632026202,-0.8365000188350677,0.0,0.0,0.0,2.148932294503107,1.5270208777798895,1.0170000195503235,1.1058187744951558,63.35874868490134,0.6584295706328473,62,1,1,0,1,True,3
000260,10,184,61,21.26184523612566,-4.903554740447409,-1.4259999990463257,-0.9173051281609028,-0.1648176993947715,0.9319944056613622,1.815843351404916,1.2473579705427371,0.5639998912811279,1.4067869429898536,80.60295450742977,0.5334047919279663,25,4,2,0,2,True,3
000262,12,184,11,19.234839315090557,-6.0779498961921306,0.07400000095367432,-0.9605941527213944,-0.3548886447096867,1.0240542350805506,1.9173340229041957,0.5087346266690227,1.6019999980926514,-0.25930755462160765,-14.857228475676184,0.5532209306955229,31,7,3,0,3,True,3
000259,9,195,19,6.329497142568995,19.161745780272415,-0.14249998331069946,0.0,0.0,0.0,4.985091605650792,4.225015075377685,2.162999987602234,-0.1240355697705757,-7.106714657354444,1.0,267,1,1,0,1,True,4
000260,10,195,10,9.388566524536351,16.537369560214913,-0.4025000333786011,1.3765812218853102,-1.180969299025876,1.8137431862556845,4.2610943771988,3.960913490453126,2.575000047683716,0.28101547141212985,16.10100048979428,1.0,310,2,2,0,2,True,4
000263,13,195,15,14.693980214107597,12.956714956713682,0.014999985694885254,1.5529317254726074,-1.1866313049894164,1.9544029262053961,3.8017079034063617,2.232478323784566,1.75,-1.4892463133800846,-85.32752841209603,0.9892436251890769,160,7,3,0,3,True,4
000264,14,195,33,14.061510631985438,14.960922626749111,-0.7364999800920486,0.5695011370549626,0.2492462337717638,0.6216552341582141,3.616963615354062,1.409638696486524,1.0149999558925629,-0.1603682903676268,-9.188426205793508,0.8442307622384105,121,8,4,0,4,True,4
000259,9,201,42,33.05645637284975,-9.789694100427715,1.054999977350235,0.0,0.0,0.0,1.192041352711037,1.1000480090482263,0.6439999938011169,-0.7230833589564009,-41.4296247043449,0.5179169900761901,21,1,1,0,1,True,4
000262,12,201,14,30.817089072837966,-7.230702309034768,0.2239999920129776,-0.3359050950017678,0.38384876870894197,0.5100706912649633,0.8811726809277232,0.4929121675656194,0.9239999949932098,-1.2117800484891514,-69.42988247658663,0.519476762320847,23,6,2,0,2,True,4
000264,14,201,15,30.85350586444508,-5.626969481719151,0.14649999141693115,-0.17655402413937185,0.5719567089359321,0.5985865019666151,2.0064516151039946,0.46007361600538826,2.263000011444092,0.24204927478567007,13.868401879421228,0.6067273284586971,48,9,3,0,3,True,4
000265,15,201,22,29.48485085245752,-7.93294176982148,-0.35450002551078796,-0.7129994686710563,-0.7231113397312855,1.0155088635620977,1.8874729759448097,1.2490550050057552,1.3130000233650208,-1.353693171951935,-77.5609055085231,0.6218772035549822,50,10,4,0,4,True,4
000259,9,206,64,20.219672582068007,28.47462324974427,0.47300001606345177,0.0,0.0,0.0,1.2634271547452873,1.1357490342555252,1.08600003272295,1.2061789368946847,69.10896242164189,0.5417523014725725,27,1,1,0,1,True,3
000260,10,206,9,23.231588306081743,31.75015466949308,-0.09150004386901855,1.355362075806181,1.4739891388869655,2.002411131134258,4.046727455174466,2.270852914266558,3.3550000190734863,0.41456818101378434,23.75300709250539,1.0,150,2,2,0,2,True,3
000261,11,206,25,21.486715937580026,34.8521310645352,0.3385000228881836,-0.039743424132373084,2.2065834041567842,2.206941290397619,4.791200108254272,2.8745319622557908,2.384999990463257,0.004522336018706077,0.2591107674118539,0.9171428571428571,111,3,3,0,3,True,3
000260,10,218,26,55.4287709905623,-4.849959701118866,0.05450001358985901,0.0,0.0,0.0,1.483628950059779,0.7894072273566018,2.018999993801117,-1.2152800370812675,-69.63041705125882,0.5378826674526662,23,1,1,0,1,True,3
000262,12,218,19,52.6312425010545,-6.173638915366525,0.3994999974966049,-0.6294439101392544,-0.29782782320572326,0.6963483670454418,1.522964182435304,0.7393510686199412,1.2209999859333038,1.4678709194117534,84.10280855228126,0.5457463834337907,29,4,2,0,2,True,3
000265,15,218,14,51.312760043572204,-5.178929572492398,0.5294999778270721,-0.5439665191989345,-0.01459890133202868,0.5441623856253821,1.1615358303504975,0.6416928958970416,2.8369999527931213,0.5236927466034573,30.00538414199218,0.5612525330138828,32,9,3,0,3,True,3
000261,11,226,13,8.848193212310184,-4.432761644844376,-0.2815000116825104,0.0,0.0,0.0,5.539780901751652,2.461920560346316,1.6309999823570251,0.18024143765348538,10.327073670915073,0.9571428571428572,125,1,1,0,1,True,3
000262,12,226,37,8.028541126467445,-2.5181556971933667,-0.8440000116825104,-0.3688434386292324,0.8615726764429542,0.9372048650177355,3.7634447329985994,1.818234596190633,1.3540000319480896,0.26839361573527143,15.377821429887055,0.9368611171534239,145,2,2,0,2,True,3
000264,14,226,41,5.646234661068424,-2.5135732595301454,-0.8034999743103981,-0.7388828459608576,0.4748960205178497,0.8783359780624419,3.4458267296515777,1.716427728169522,1.2989999502897263,0.3645662943424414,20.888110018545994,0.9220276703336584,223,5,3,0,3,True,3
000261,11,230,23,60.69602036322824,22.952281918042207,1.2610000260174274,0.0,0.0,0.0,1.2823876952498914,1.3114714087389343,2.312000058591366,-1.0091219538540488,-57.81842896983241,0.5693104795111058,29,1,1,0,1,True,3
000264,14,230,3,61.89437249781891,20.201416532476497,1.0619999766349792,0.17975282018859956,-0.4126298078348565,0.45008269760076935,2.2731720438238865,0.7544810241935374,2.7459999322891235,-0.32500155149630494,-18.62121723594196,0.6112950650704815,41,6,2,0,2,True,3
000266,16,230,3,64.76291498360132,17.08079677116787,1.445999950170517,0.7442861104047727,-0.9290858406036123,1.190446266469674,1.6600439662148627,0.23581039638907453,2.057999908924103,-1.399344440357312,-80.17653051757013,0.4466002656916602,37,9,3,0,3,True,3
000262,12,250,30,21.294833452505976,-2.7364202398729507,-0.7260000109672546,0.0,0.0,0.0,2.3664162057050353,1.4863768983286882,1.2580000162124634,0.05444257972855003,3.119330044250408,0.6029117475821995,39,1,1,0,1,True,5
000264,14,250,34,22.847550180927865,-2.2629575330326572,-0.7249999940395355,0.34936126389492483,0.10652910903906601,0.36524203452356974,2.137529161051262,1.7560321575907865,0.9120000004768372,0.8390547293442476,48.074294771916975,0.6678073087573447,65,4,2,0,2,True,5
000266,16,250,19,26.57555579808922,0.29249853481098376,-0.5529999837744981,1.0309499590035134,0.6335686252363055,1.2100690149132685,2.943810450430499,1.8217977847232816,1.1119999676011503,0.6421220355780043,36.79088257096894,0.7573381299988318,88,7,3,0,3,True,5
000267,17,250,69,25.653258020336676,1.4104971676232267,-0.7854999750852585,0.15198847746328786,0.8515621286454773,0.865019396444279,1.316013805360034,1.1340942076824574,0.9009999334812164,1.3133980255151096,75.2521636828314,0.5511782503357013,31,8,4,0,4,True,5
000268,18,250,18,22.61182680693708,-0.011369305847232091,0.02850000187754631,-1.2850503834250089,-0.17148074230669386,1.2964413341616414,1.4868371853744093,1.1582192642055458,0.2850000038743019,1.4788308059832291,84.73076379676893,0.40650595374095544,24,9,5,0,5,True,5
000262,12,251,31,29.257263159387776,-2.0498654831102012,-0.7269999906420708,0.0,0.0,0.0,1.714374254468866,1.0324042594276013,1.0499999672174454,0.6881530231618765,39.42826388634391,0.5674227211438025,35,1,1,0,1,True,3
000264,14,251,18,31.57083165799059,-2.9938523470047564,0.23899999260902405,0.5205529121856327,-0.2123970443762749,0.5622168966197301,2.889708422739444,1.847017565979195,2.137999951839447,1.251144042116449,71.68527317621064,0.9569803506593274,146,4,2,0,2,True,3
000267,17,251,41,33.71664606370928,-2.045850453148825,0.33500003814697266,0.6081762625599012,0.02538190967143851,0.6087056823128062,1.1758378036949069,0.7122709526782813,2.0160000324249268,-1.1894633682978843,-68.15123088888382,0.5658290358833529,35,9,3,0,3,True,3
000262,12,252,34,13.984912441992089,-2.2886794689299843,-0.7779999934136868,0.0,0.0,0.0,4.14353966519402,1.5473846449311144,1.3719999864697456,0.21435524198765074,12.281650682397842,0.9324698428559343,172,1,1,0,1,True,4
000263,13,252,1,14.250877667392823,-0.8985115441087843,-0.546500027179718,0.11968435143033032,0.6255755661695399,0.6369216066091958,5.253977388159106,3.5043070011193165,2.541000008583069,1.3911737040243966,79.70838181017987,1.0,384,2,2,0,2,True,4
000266,16,252,22,15.0681984460332,-1.6937966039080716,-0.5435000248253345,0.1884245100827383,0.2247738024233539,0.2933036962872662,3.7301847396322483,2.0923962867826424,1.2570000514388084,0.4345309141725136,24.89678745004644,0.9419773416919698,172,7,3,0,3,True,4
000267,17,252,68,14.698854833548141,-0.07943155107739103,-0.6935000233352184,-0.06257114507277041,0.8500898651066509,0.8523895394435349,3.3339587098023697,1.9998884060954367,1.2170000448822975,0.5649716537407152,32.370491303869514,0.8517868139771791,114,8,4,0,4,True,4
000263,13,257,13,4.942927150194321,8.654823643179835,-0.4320000112056732,0.0,0.0,0.0,1.9432134896838809,1.4126452181762714,1.5600000023841858,0.5280876345936992,30.257192675265777,0.8901466670062839,150,1,1,0,1,True,3
000266,16,257,34,2.7005333410716585,10.44685479493785,-1.0384999811649323,-0.3363590713683993,0.26880467276370235,0.43057331198230697,2.5914644208562847,1.8532616114426599,1.0689999461174011,0.7087662314626882,40.609313724204455,0.798131671080801,105,6,2,0,2,True,3
000269,19,257,7,2.4555912434990064,9.563417719153076,-0.3944999873638153,-0.22173880388851747,0.015327008652320118,0.2222678886932134,4.60684231942863,4.323051931054713,1.9749999642372131,-0.29489729842895207,-16.896370589788877,1.0,1009,11,3,0,3,True,3
000263,13,259,16,8.297102203136586,-8.332254491870165,-0.31199999153614044,0.0,0.0,0.0,1.2191997903901113,0.670390856162317,1.1099999845027924,-0.6585270172296812,-37.73081878259958,0.572791162614062,40,1,1,0,1,True,4
000265,15,259,18,9.550639176737027,-4.362629752201131,-0.4220000207424164,0.28204581906009935,0.8931655664255326,0.9366400445729004,2.062896441233858,0.7390626699601281,1.5760000348091125,-0.02239022370003267,-1.2828653203656621,0.7010975381504712,80,4,2,0,2,True,4
000266,16,259,30,7.869625796571468,-2.2578238126451637,-0.6649999767541885,-0.6013308205914467,1.438403734334228,1.5590394667037248,3.3012391267443806,1.520792878395566,1.1219999492168427,0.4470137788187869,25.612002910510963,0.8742379634464883,130,5,3,0,3,True,4
000268,18,259,27,8.269860935504642,-0.1542088349264426,-0.6215000096708536,-0.2406790450653316,1.2644354238705375,1.2871376553703282,1.8633237544097132,1.0995233214069757,1.2170000188052654,1.4842913144681658,85.04362788695116,0.7076608761718697,82,8,4,0,4,True,4
000263,13,262,19,13.264698889115182,1.552554079338456,-0.5424999864771962,0.0,0.0,0.0,1.138647569400448,1.0118826757628312,1.1229999717324972,1.0607944739874682,60.77904629028212,0.7078445567755436,86,1,1,0,1,True,4
000264,14,262,39,9.617095721593879,2.584748398271054,-0.7495000064373016,-1.6414214253845865,0.46448744351966914,1.7058759863773818,3.3683079168914367,1.5958213949875002,1.1190000176429749,-0.22944049021107266,-13.145971738507141,0.9063893955279908,140,2,2,0,2,True,4
000266,16,262,26,9.71245201591534,4.484761100710607,-0.7014999880921096,-0.8813266177391941,0.6829709519847174,1.114982478961225,2.8554636551536303,1.7748430152296026,1.396999976132065,1.043335195756486,59.77870333430221,0.9163749577458861,146,5,3,0,3,True,4
000269,19,262,27,9.09118257280375,7.666893328799127,-0.7524999976158142,-0.5779200562232953,0.8529538578048725,1.030301836807715,4.091185165398597,1.9864867320942077,2.1890000104904175,0.654967546511522,37.526876133148654,1.0,273,10,4,0,4,True,4
000263,13,264,24,11.167729059820463,4.108599555412451,-0.7704999893903732,0.0,0.0,0.0,2.35510499540242,2.0996668944086396,0.68299999833107,-1.283377040300553,-73.53208793321265,0.8816630431945028,146,1,1,0,1,True,5
000264,14,264,37,11.605102944517302,6.024587469457456,-0.7180000096559525,0.1968182481135777,0.8621945613202523,0.8843737243726321,3.386015530995536,1.8682817231240447,0.9780000150203705,1.1858730643808546,67.94552162726872,0.850858939844475,120,2,2,0,2,True,5
000267,17,264,7,11.912318732044662,10.096236041031414,-0.2524999976158142,0.15433240459157174,1.0849542944622323,1.0958760478170226,2.7559024008369732,2.051641818819048,1.9390000104904175,-1.514421813794396,-86.76997833296593,0.8384956702717865,100,7,3,0,3,True,5
000268,18,264,24,11.928340956092258,10.977371361788128,-0.7189999939873815,0.09209282334678268,0.9932357562947491,0.9974960429467297,4.031857883722126,1.9925322344166938,1.3879999872297049,-0.1387923359319158,-7.952215077660702,0.9545373074959225,237,8,4,0,4,True,5
000269,19,264,33,11.909582906322466,9.40630040967543,-0.16050000488758087,0.04220993044432412,-0.1607022624886022,0.16615322866881124,1.4953573730187106,1.48197077229471,0.8269999921321869,0.28016105043690587,16.052045773986496,0.5757529420325778,38,9,5,0,5,True,5
000263,13,265,29,0.8615401316127685,-1.4147919047572897,-0.5684999823570251,0.0,0.0,0.0,1.3378933945612705,0.7045716959209876,0.468999981880188,0.9090399804618057,52.08415428911628,0.5170018209403892,22,1,1,0,1,True,3
000264,14,265,45,0.8559022183246559,-2.5286642837447793,-0.8959999978542328,-0.0025370609796507124,-0.5012425705443703,0.5012489912252617,2.057274040711096,1.5031105219017311,0.9380000233650208,0.3015107999807236,17.275296316508605,0.6343358611429598,55,2,2,0,2,True,3
000266,16,265,37,0.4951738805429592,-2.816162304512016,-0.6484999880194664,-0.08255925953968962,-0.34037046847203195,0.35024004217623705,2.160820906461451,1.2192358974196158,0.8449999839067459,1.3071110121214566,74.89194434963285,0.7137277215447455,85,5,3,0,3,True,3
000264,14,274,17,27.21159536291585,-3.7521366814834263,0.3139999806880951,0.0,0.0,0.0,0.7604327593274137,0.4417073116241496,1.6620000004768372,0.5340485820302736,30.598729805280815,0.5123764231038278,20,1,1,0,1,True,3
000266,16,274,21,26.495943124731305,-3.7922546625884097,-0.24599999631755054,-0.1610217535915229,-0.009026545748621271,0.1612745598593934,1.769224130953777,0.6934008070734148,0.485999992582947,-1.5689386450181484,-89.89356267451396,0.5213038085663353,23,4,2,0,2,True,3
000269,19,274,20,27.831974454973366,-0.816430358644541,0.48599998746067286,0.11184273506097157,0.4414090454298385,0.4553578183947212,0.9067783716419482,0.4500564847444726,1.0039999764412642,0.30484641538580753,17.466413001298736,0.5395555408647358,30,9,3,0,3,True,3
000264,14,279,29,21.935064187659236,6.126684935052714,-0.5860000140964985,0.0,0.0,0.0,2.8176348641926143,1.6111810938478035,0.9260000213980675,1.192074138431298,68.30081699880722,0.6665533024993493,62,1,1,0,1,True,4
000266,16,279,24,23.174722626904515,10.238801220720605,-0.5010000020265579,0.2789231488301877,0.9252261642752753,0.9663547888911638,2.5256963938594783,0.9858861724238752,0.7380000054836273,0.3612175545289052,20.696241360542942,0.5843708848305226,41,4,2,0,2,True,4
000267,17,279,3,26.1361176932895,9.832251330090589,0.05449998378753662,1.4860355117298458,0.3259269395678943,1.5213579171445089,0.8817368397814667,0.575427175778957,2.197000026702881,-1.1869131211940442,-68.00511249311832,0.5975932037155489,48,5,3,0,3,True,4
000269,19,279,39,28.222285338106005,13.504670764064324,-0.8294999897480011,1.286707251535129,1.0055541894064322,1.6330201404103724,1.5853691361894933,0.5297396090365273,0.762999951839447,0.9365401025433204,53.6597952204816,0.5160074288070363,21,8,4,0,4,True,4
000264,14,283,36,14.50948678412896,6.144153384082149,-0.5174999982118607,0.0,0.0,0.0,2.059275513945332,1.4264871035165196,0.5850000083446503,0.6814744393724121,39.045609222083115,0.5518248018361834,30,1,1,0,1,True,3
000266,16,283,28,16.0859958174058,6.001011617815607,-0.7764999866485596,0.3547145324872887,-0.03220689740997209,0.3561736708383316,3.6402910299652715,1.9092330579454975,1.0529999732971191,0.2864326763446624,16.411383469185846,0.7986111482503301,98,4,2,0,2,True,3
000269,19,283,42,19.453547812709147,9.185189994934975,-1.1130000203847885,0.7002257921635109,0.45991296299242046,0.8377565837040517,6.479103697450626,3.259252738834225,1.5620000660419464,-1.4571290368426786,-83.48734401704812,1.0,150,9,3,0,3,True,3
000265,15,287,2,35.670816316749125,32.61869951821444,0.8384999781847,0.0,0.0,0.0,3.2066071417728006,1.5943731789088627,2.0249999463558197,-0.8628872358030953,-49.439796807227225,0.6842010113357612,48,1,1,0,1,True,3
000267,17,287,8,34.38422911655545,32.35395288169861,0.5099999904632568,-0.2894821200435762,-0.05956799321606194,0.2955473627706941,2.2229265655838444,0.8055049696407245,2.6019999980926514,-0.8915906432516376,-51.084380911673065,0.7193932074229642,79,4,2,0,2,True,3
000269,19,287,31,31.633986982641265,32.07926007235572,-0.4495000094175339,-0.7780196461546592,-0.0945682783709838,0.7837459595281325,4.116025028969066,0.5904118640237004,1.5970000326633453,-0.939017970767483,-53.80176661191568,0.8206696172066761,117,7,3,0,3,True,3
000265,15,298,34,1.5804285988338966,27.05265645334614,-1.342500001192093,0.0,0.0,0.0,4.513357307989022,2.2135255026345684,1.0589999556541443,0.9948078224627999,56.998289653718125,0.9206148200481524,130,1,1,0,1,True,3
000266,16,298,32,1.0667776354195944,25.53432294081679,-1.4035000205039978,-0.231142933536436,-0.6832500806382086,0.7212889354592567,1.5246854747043819,0.985902821903943,0.9250000715255737,-0.2603888166343324,-14.91918022555313,0.5287497773499885,23,2,2,0,2,True,3
000267,17,298,18,1.3112129735727018,22.838048029661394,-0.0585000216960907,-0.017132711276141466,-1.5891112543709427,1.5892036082780778,0.7471882961199514,0.3738657981823348,2.0790000557899475,-0.0361215008567856,-2.069609548772002,0.584016098728709,45,3,3,0,3,True,3
000265,15,301,40,18.38342962970551,-24.803568639000765,-2.521499991416931,0.0,0.0,0.0,4.451663593473034,2.0580419445695286,0.9309999942779541,1.3733660451199179,78.68807811194469,0.9013931245088376,130,1,1,0,1,True,3
000267,17,301,71,15.947252553980158,-24.771669577105552,-1.290999948978424,-0.5481398420382042,0.007177288926423041,0.5481868293802769,2.6040543697682716,1.647555985520563,1.7039998769760132,-1.1538171687200716,-66.10885409739413,0.6728236570199028,54,4,2,0,2,True,3
000269,19,301,11,15.318475101624808,-26.08254231252739,0.1809999942779541,-0.44295183990096626,-0.29099885656038105,0.5299874215404555,3.565402334136661,1.8500899235338606,2.2179999351501465,-1.1942985800538757,-68.42826811555416,0.8300192624584664,85,7,3,0,3,True,3
000266,16,305,5,29.308400494246047,12.038908235214345,0.3305000066757202,0.0,0.0,0.0,2.9213311719382435,0.51738888215204,1.9149999618530273,-1.3876815268625848,-79.50829479749609,0.8771355064218387,158,1,1,0,1,True,3
000268,18,305,22,26.82822120327849,10.924080649292145,-0.7284999936819077,-0.5580403404677008,-0.2508362068324949,0.6118233603315761,4.156468030848416,1.5780134268324078,1.0629999935626984,-0.1977649926025602,-11.331099411562645,0.7382213017389407,78,4,2,0,2,True,3
000269,19,305,38,24.52977118856963,10.20757325776051,-0.8155000060796738,-1.3412246938762218,-0.4603882399471082,1.4180412585481994,1.305815355970291,0.796863683822112,0.9310000240802765,-1.0571777471930521,-60.5718231093102,0.5419392532170989,29,5,3,0,3,True,3
